Genre,Director,Actor 1,Actor 2,Actor 3,Votes,Actual_Rating,Predicted_Rating
15,822,142,2187,203,6,3.3,4.929999999999999
0,2146,1894,2177,2864,711,5.3,5.196999999999997
0,85,2438,50,876,2425,5.7,5.189000000000001
7,395,1494,2012,872,242,7.2,5.5349999999999975
11,2817,1923,972,2557,11,3.5,4.204000000000002
0,2908,931,1248,2071,4028,7.2,6.3469999999999995
7,3044,1304,1668,2417,5,3.8,5.915999999999996
7,1412,1622,1036,1551,11918,6.9,7.061999999999999
7,1356,1181,96,1194,5,5.2,5.986999999999998
7,1662,845,1513,2426,2081,7.4,6.2200000000000015
7,1224,344,574,1051,7,4.3,5.969999999999999
0,264,2270,153,207,10264,7.2,6.228
0,1156,1378,1239,2065,10,5.6,5.826000000000002
4,557,893,833,1528,34,3.9,6.107999999999999
7,215,822,1371,1769,66,3.2,6.094000000000002
4,751,1378,2607,918,170,6.4,5.525999999999999
4,2382,2548,617,621,1006,5.8,5.059000000000001
7,2519,618,868,993,10,6.4,6.359999999999998
3,941,1612,744,2079,85,7.6,6.587000000000002
5,2152,1574,2625,1994,16,2.9,5.954000000000001
0,1453,1282,2313,608,850,6.0,6.024
4,685,1913,1915,2853,12,5.5,5.292999999999999
7,1990,2511,607,2686,41,6.6,5.822999999999997
0,1952,1877,428,2273,28,7.2,5.27
7,1428,2266,2264,1211,95,5.6,6.632000000000001
1,887,1789,159,889,7,5.0,5.113000000000002
4,608,692,704,233,196,7.0,5.197999999999997
0,264,1976,173,136,1494,4.6,5.595999999999998
5,197,1043,849,1965,6,6.0,5.072999999999999
0,980,108,207,1338,5649,4.2,5.424999999999996
0,482,2270,1050,1170,933,6.2,5.483000000000001
1,1537,1702,2854,2686,5,6.0,5.415
0,2772,2360,2378,366,73,5.4,5.311
7,2225,1230,2129,685,16,6.8,5.895
0,309,206,2195,2715,9607,7.1,5.561000000000002
3,648,127,1952,2668,23,6.6,6.264000000000003
0,118,1969,219,877,36,4.7,4.317999999999995
4,1597,648,30,1073,5046,6.5,5.260000000000002
7,3106,250,2488,312,2638,7.4,5.984999999999998
0,2462,1304,1759,2577,50,5.8,5.709000000000002
1,2142,271,679,1527,13,4.9,5.405000000000001
1,209,931,18,2657,70,6.4,5.259999999999996
4,2522,1386,113,430,92,8.5,5.785
7,239,877,198,1636,29,5.6,6.133000000000003
0,1309,2428,524,595,7,5.0,5.214999999999998
7,2885,246,2700,1933,27,7.0,6.797999999999999
7,1612,1272,2788,2595,45,5.6,5.980000000000001
4,2314,1288,2793,1544,42,6.8,6.294999999999998
0,3070,2042,2607,2536,51354,8.1,6.4289999999999985
7,2661,754,2436,1623,540,7.7,6.283999999999996
0,955,2363,2455,175,9,7.2,5.008999999999998
1,319,2270,2836,1396,1840,4.3,5.606999999999998
4,1159,181,2355,658,41,4.7,4.9739999999999975
4,1280,919,1493,1745,23,6.3,5.394999999999998
18,1560,1737,1372,1327,6,4.8,4.728000000000001
4,925,1288,155,1057,9,7.0,5.284999999999999
13,584,533,815,1745,21,5.2,5.432999999999998
4,2270,421,1155,1811,4198,5.8,5.703999999999999
7,1704,2015,1790,2853,43,7.6,6.538000000000003
15,1338,321,1872,818,32,6.4,5.291000000000004
7,962,1667,2793,3058,41,6.6,5.660999999999996
7,2768,809,2029,1816,124,7.1,5.3649999999999975
7,2661,2030,1632,1246,26,7.3,6.114000000000002
7,2356,819,2092,2588,16,4.8,5.8229999999999995
7,2680,769,374,1677,18,4.9,5.834
4,284,2001,248,2169,466,3.6,5.620000000000001
7,680,2091,448,1600,6,7.2,6.08
5,938,37,34,2217,17,3.0,5.357999999999999
7,2669,495,240,2386,7,3.7,6.428999999999998
3,1320,1607,2319,1419,241,6.8,6.010999999999997
19,758,1154,2681,2853,14,7.7,5.611000000000005
0,2009,2270,1065,2288,2169,5.7,5.424000000000001
4,2738,2045,2051,161,8,6.0,6.273999999999998
0,1535,919,1852,264,55,4.8,5.127999999999999
0,2795,666,1776,877,9,5.6,4.591000000000002
18,2467,2149,332,1793,72,3.1,5.915999999999998
7,912,620,84,1575,28,5.5,6.076999999999997
4,1003,1494,914,26,439,5.8,5.149
4,1641,1986,2402,1803,1662,7.7,6.355999999999998
5,1604,154,537,1150,9,6.0,5.314
4,211,260,243,1032,29,7.4,5.523999999999998
7,1586,2262,1493,754,28,6.8,6.546
0,2146,1627,2316,219,940,5.9,6.198000000000003
0,2765,206,2195,2169,2839,4.6,6.268000000000005
7,2311,2376,181,2047,426,5.3,5.950999999999999
4,1986,2175,45,1120,7,5.3,5.303999999999998
4,2473,1224,2756,71,760,5.7,5.555
7,2563,1702,818,1872,144,6.5,6.255000000000001
0,55,937,2457,2774,5048,6.2,4.705999999999997
7,2871,46,2046,1549,1570,7.4,5.755
4,484,599,1271,474,146,6.3,5.393999999999997
14,111,1931,107,348,260,5.1,5.162000000000002
10,678,996,35,1409,17,6.6,5.974999999999995
11,692,2076,1361,2995,1559,4.1,4.349000000000003
0,391,327,2195,1244,4426,5.3,5.765
7,2000,1405,552,2358,1379,7.6,6.813999999999998
0,2456,2266,1454,1802,80,4.5,5.357000000000002
7,731,1750,1436,2982,10,6.0,6.094999999999998
7,1767,1165,448,2566,117,6.9,6.437000000000005
7,520,1567,746,2168,7,6.3,5.783
0,483,929,808,1909,3703,7.5,5.481999999999999
7,1764,967,0,1757,91,6.2,6.434000000000003
4,2347,657,1813,3012,85,7.0,5.535999999999999
7,2563,2058,1188,2322,40,6.5,6.4700000000000015
0,2230,631,949,2041,18,4.3,5.369000000000001
4,894,2489,1436,371,17,6.7,5.703999999999996
0,2340,631,1385,1505,5,3.8,5.016000000000003
7,555,628,1147,1875,7,5.6,5.503999999999998
9,578,575,2251,1051,8,5.6,6.024000000000001
1,2867,575,273,1429,20,5.0,5.586000000000001
11,2459,595,1454,2277,6,6.3,3.944000000000002
7,1413,1761,1850,338,93,5.6,6.480999999999999
18,1560,603,338,1813,7,3.3,5.421
7,1747,951,2689,1073,503,5.9,5.863
0,2038,809,1862,1767,15,5.3,5.066000000000003
0,1557,714,1455,919,17,5.8,5.422
7,1689,1661,2487,976,18,4.5,5.506999999999997
7,744,2321,1258,947,14,6.4,6.044999999999999
18,2456,1297,1389,2295,24,5.6,5.859
18,2347,1695,2827,1469,32,6.1,6.274999999999999
7,690,2185,145,214,107,6.8,5.9590000000000005
0,2391,145,969,424,13576,5.3,6.714999999999995
7,675,1224,2207,964,1257,7.0,6.727999999999997
0,751,1576,173,2643,2820,6.3,5.7450000000000045
0,1233,861,819,186,9,5.6,4.718
15,1864,870,982,1774,66,4.3,5.5210000000000035
4,2593,341,1738,2321,719,7.3,5.532000000000003
13,1391,2307,1048,184,30,7.2,6.002000000000002
0,900,1039,935,1634,187,6.3,5.2260000000000035
0,2160,631,2195,615,181,4.8,5.780000000000004
7,1341,931,1564,1408,183,4.2,5.619000000000001
0,1715,2199,375,2815,2398,3.5,5.388000000000002
15,368,378,1899,1452,21,3.6,5.1720000000000015
0,2488,2038,1059,637,13502,6.5,6.352
0,3107,2096,2415,1819,7,5.6,4.420999999999997
0,453,2082,818,409,15,5.7,5.304999999999999
4,1357,1275,862,503,80,3.9,6.175999999999998
0,1156,631,949,1781,70,5.8,5.847000000000003
4,1376,1027,1131,330,8808,6.3,6.166000000000002
16,1469,1497,1698,197,26,5.4,6.119000000000002
7,1670,1702,2854,392,7,6.6,5.8759999999999994
18,1273,1967,921,1153,12,3.6,5.597999999999998
0,1847,2201,1716,577,311,3.7,5.243999999999999
0,1970,500,19,1090,19,4.8,5.782000000000003
4,3027,2030,554,626,206,7.1,5.3919999999999995
7,1384,2084,1852,2060,8,6.0,5.993
0,1323,1672,2422,990,5227,6.2,6.416000000000001
0,2750,2487,2003,1586,27,6.3,5.550000000000001
0,447,2549,2111,2395,28,7.8,5.335999999999998
0,1114,535,448,593,12,3.1,4.9369999999999985
0,2616,1304,646,2081,28,4.4,5.522
7,1149,1494,593,2542,54,6.9,6.707000000000004
18,435,1758,1103,1213,11,5.5,5.191
4,1807,2476,766,304,350,5.8,4.794999999999999
7,827,1255,1918,2057,5,7.0,5.969999999999998
0,1440,2185,332,2397,12,4.7,4.957000000000001
4,70,512,1311,883,7,5.9,5.388999999999999
7,2333,2489,2844,2039,10,6.2,5.261999999999998
7,241,1939,2689,1019,1705,4.8,6.472999999999996
7,1011,26,984,1961,1025,3.6,5.994999999999999
0,2102,870,207,2817,174,6.2,5.439000000000004
7,23,214,565,11,175810,8.4,7.6150000000000055
0,1847,1939,2502,2619,15817,3.0,6.310000000000001
0,2281,108,393,360,2619,5.3,5.866999999999999
7,2457,2038,85,1338,39573,7.6,7.585000000000005
13,2596,870,1980,1353,129,3.2,5.778
0,3040,250,263,2628,12429,6.9,7.201999999999999
7,1257,1932,1026,683,6,5.7,5.531000000000001
14,6,714,1151,947,8,5.2,5.148
7,369,680,1862,1661,19,6.4,5.872000000000001
6,2990,2385,2681,2853,213,8.2,8.226999999999997
0,2339,1711,1720,829,382,7.1,5.573
4,629,158,2415,747,4981,5.4,5.466000000000001
4,1038,676,1093,910,94,6.1,5.745999999999997
7,561,2510,1882,2586,73,7.2,6.687
0,971,861,1425,548,11,4.9,4.587999999999999
7,787,626,358,1841,9,5.9,6.532999999999996
7,512,453,1469,2772,11,7.9,6.154000000000001
0,1029,343,1401,1577,21,3.5,4.918000000000004
0,425,1687,2405,2250,15,2.5,5.325999999999996
14,2765,2436,300,1089,5159,6.6,4.966
14,2911,870,2552,1175,344,3.2,5.6149999999999975
7,1867,206,2791,2041,2638,7.5,6.981000000000005
6,2726,152,2681,2853,22,7.3,7.479999999999999
0,720,145,1980,207,738,4.5,5.015999999999997
7,315,463,504,1624,15,7.1,6.641999999999996
5,2353,999,772,2188,90,7.5,5.978
15,636,463,744,1600,8,3.6,5.259000000000002
0,2864,1304,2439,2247,24,3.8,5.122999999999999
7,1904,2376,248,1951,781,4.2,5.877000000000002
7,571,1980,1455,754,327,7.2,6.486999999999999
4,629,1939,1065,1746,3238,5.1,5.745000000000004
7,713,2009,1216,61,37,7.1,6.291999999999999
7,1804,1054,2629,1368,20,2.6,6.158000000000003
7,1314,979,2778,876,4637,7.5,6.7780000000000005
13,2864,1901,2526,427,31,5.1,5.971000000000001
0,2009,1971,982,1544,58,5.0,5.268
7,2519,344,1227,2711,13,6.3,5.981000000000002
7,2676,1702,1547,615,65,5.9,6.623000000000003
1,549,1428,1660,234,680,5.9,6.304999999999996
7,1049,2084,205,1544,8,6.2,5.974999999999998
7,71,2419,130,1338,11873,3.6,6.502000000000002
0,2019,631,1677,2165,54,6.7,5.77
7,2687,568,1225,741,43,5.4,6.233
2,2095,2385,2681,2853,5,5.8,5.727
5,2823,1702,1998,2040,55,7.3,5.758000000000002
0,1206,2058,2791,1452,24,5.3,5.598000000000001
0,2686,1939,1958,338,3998,4.7,6.228
11,757,1691,2222,2718,2958,4.7,4.211000000000002
0,1233,2050,169,2347,7,5.6,5.133999999999997
8,1251,542,956,152,27,4.8,5.948000000000003
15,2579,1563,2301,1051,9,5.4,5.547000000000002
7,2698,2042,181,312,9288,6.6,6.198
9,1808,53,74,1216,12,6.6,5.673000000000001
0,1697,2270,1758,360,554,3.9,5.723
5,1396,616,1016,1106,70,7.3,6.256
0,2676,1702,549,212,25,5.4,5.387999999999997
7,760,1248,527,2174,12,6.8,6.035999999999997
4,1182,1188,1406,2853,74,8.4,5.7159999999999975
0,1184,1561,2357,1326,161,5.5,5.392999999999998
7,2900,215,2613,2798,5,6.2,6.443999999999999
14,1276,1835,1510,1202,272,7.1,6.048000000000001
3,1279,1761,1495,1774,1827,7.0,6.348
7,591,1640,2674,1133,182,6.8,6.013
0,2908,931,2671,970,336,5.3,4.578000000000001
2,812,2385,2681,2853,10,6.6,6.377999999999999
0,1626,2270,2357,1965,2213,5.4,6.101999999999996
0,373,1304,2454,914,31,5.7,5.071000000000001
0,1936,2171,2647,1524,526,6.1,5.129
7,1036,296,2689,1784,700,7.3,6.329
13,591,1980,2864,988,42,7.3,6.532999999999998
5,1412,1791,378,2545,544,6.8,5.6819999999999995
7,2264,870,42,2207,488,7.1,5.244999999999997
4,1187,1980,2700,650,115,6.4,6.040999999999997
7,680,1972,428,2248,207,6.6,5.741000000000001
0,629,1969,763,264,98,5.5,5.344000000000002
7,2491,126,1212,1318,789,7.1,5.3050000000000015
7,836,1818,174,1246,361,6.9,5.814000000000002
4,3128,2489,2263,1876,22,6.1,6.382
7,292,1811,1140,901,7,5.7,5.222
7,1493,368,1308,1872,550,7.5,5.801000000000001
4,1450,2298,1669,2165,8447,6.0,6.393999999999998
13,732,1080,2822,2485,32,3.8,5.528000000000002
14,2560,980,1385,150,7,6.3,4.6590000000000025
7,546,1612,474,2464,65,6.8,6.556999999999999
9,525,657,2824,1082,1273,8.0,7.227000000000001
7,1397,1400,1048,1248,23,7.8,5.9460000000000015
13,239,2042,393,2834,1808,5.2,5.890999999999999
6,2407,2385,2681,2853,7,9.0,7.435000000000003
7,1082,1835,1980,2701,76,4.1,6.4180000000000055
0,450,2262,1264,2081,39,5.7,5.76
4,2439,1841,2391,2179,1921,5.3,6.2230000000000025
7,1052,2082,703,843,685,6.8,6.268000000000001
16,2068,834,228,2524,269,6.3,5.879000000000002
0,1269,575,1609,1057,10,5.6,5.496000000000001
7,2480,612,1850,2173,442,7.2,6.066000000000002
14,1990,376,2202,2692,86,6.5,6.045000000000003
0,1682,2168,2771,2853,91,6.1,6.795999999999999
0,1233,861,607,2438,26,4.7,4.788999999999999
0,1557,1041,563,919,14,6.1,4.557000000000001
4,401,347,1375,1057,68,5.8,5.080999999999998
6,583,1467,1858,2732,71,7.0,7.03
0,1581,2155,2382,2169,17169,6.5,6.898
7,66,2298,2212,1729,11446,6.9,6.978999999999993
4,2683,1835,960,2724,330,4.7,5.203000000000003
7,2812,1724,1228,1245,9,7.2,5.906999999999998
0,1581,693,1438,405,6737,7.3,5.731
5,1834,823,2214,212,404,2.8,6.557000000000001
7,29,217,1121,2517,68,7.2,6.124999999999999
7,1601,1905,2873,1849,14,6.0,5.866000000000001
7,1944,2043,2110,2086,87,6.7,6.258000000000002
18,1932,627,1271,2392,291,5.1,5.886000000000001
7,670,616,818,2449,122,3.5,5.735
18,2206,668,480,1537,281,6.8,5.650000000000002
0,2230,346,1983,258,8,3.9,4.9929999999999986
0,1373,1925,376,1805,152,4.8,5.098000000000002
7,1757,1373,2251,2894,52,8.5,7.012000000000003
4,2538,45,1958,199,6550,6.2,5.7379999999999995
6,1040,1050,339,1959,94,8.9,7.496000000000002
7,879,780,2827,1359,5823,8.4,7.022999999999997
0,1980,145,2396,1171,23209,7.1,6.690000000000007
9,2165,1756,1044,1884,10,3.4,5.885000000000002
7,2690,1230,1921,1647,75,6.9,5.684999999999995
4,3047,2155,1669,62,13936,6.8,7.338999999999999
7,533,1774,574,2641,8,7.1,6.125
0,2513,714,1559,703,31,5.3,5.406000000000001
5,2579,919,1455,125,31,6.8,5.976999999999997
7,1871,206,933,323,48,5.4,6.745999999999996
5,244,108,116,2861,2620,6.6,5.725999999999999
0,1427,1070,2783,1293,15,6.1,5.161000000000001
0,2636,2094,2158,1852,25,5.3,5.52
8,2502,250,585,1064,12,4.8,6.492000000000001
6,2242,990,2681,2853,8,7.6,6.885000000000006
7,1159,2473,314,2167,7,2.9,6.439999999999999
15,2884,134,2479,850,26,4.8,4.828999999999999
0,211,1768,2283,1106,9,4.6,5.356
0,561,1695,2827,481,41,6.7,6.1179999999999986
7,514,757,436,570,30,7.1,6.372999999999998
3,900,1718,1719,1510,15659,8.2,7.427000000000003
0,1938,2362,1782,2197,506,5.9,5.704000000000002
4,2225,1835,1559,2040,367,7.5,5.824000000000001
7,1925,766,1918,1676,5,6.8,5.987
7,414,1517,254,731,332,5.2,6.314
3,941,36,943,2847,25,7.7,6.455000000000004
4,2009,1939,1758,2076,4199,5.2,5.725000000000001
7,1402,442,1,852,689,8.1,5.3279999999999985
7,525,1490,2549,2478,326,7.3,6.3779999999999974
7,1101,250,2500,1609,890,6.1,6.151000000000002
4,141,1229,2785,718,21,7.2,5.8889999999999985
7,918,2084,818,2438,17,6.0,5.9449999999999985
7,2063,1230,2824,1569,20,6.5,6.421
0,1156,919,2263,1938,18,5.5,5.077999999999999
4,720,1722,1756,1357,132,6.3,5.744999999999999
4,1716,1457,772,907,3895,8.0,6.1220000000000026
18,150,135,87,2952,384,7.9,5.562
4,918,767,1980,1110,881,5.1,4.974
7,918,1763,1455,1845,22,6.2,6.113000000000002
0,1715,145,591,607,8102,4.1,5.663999999999998
0,1668,919,934,1845,26,4.9,5.44
19,636,1352,611,871,9,6.4,6.332000000000001
6,1736,2385,2681,2853,5,6.2,7.829999999999995
7,666,1712,1290,2313,172,6.4,5.331000000000001
0,309,206,300,1796,1601,5.2,5.256
0,1171,2270,2607,488,100,3.2,5.237000000000005
0,418,1169,2378,1873,6,5.5,5.048000000000002
4,1884,24,2686,1459,1328,6.6,5.697000000000002
0,1606,2487,629,2742,68,6.7,5.000000000000001
4,1233,1985,169,721,50,6.5,5.7280000000000015
0,52,1939,2457,2637,30194,6.2,6.1409999999999965
7,849,1936,879,195,25,6.1,5.707000000000001
0,2706,2428,2663,558,426,5.4,5.01
0,453,1130,2791,1845,9,5.6,5.489000000000001
7,2219,1244,1394,1116,1968,7.2,6.663999999999999
4,962,1702,933,2865,3793,8.0,5.948000000000003
0,1670,714,2001,637,109,6.2,5.415000000000004
4,1447,1841,749,1746,4120,5.8,5.846000000000001
7,2301,2427,1624,1321,60,5.8,6.271000000000002
7,1178,40,2749,2057,6,6.2,6.369000000000001
4,794,982,2488,2854,115,6.2,5.979999999999999
7,41,490,405,2594,8,7.2,6.211999999999998
7,2572,616,2501,1952,20,7.5,6.505000000000003
0,565,1151,2844,2943,5,6.4,5.729000000000005
15,92,1763,411,916,13,4.7,5.233999999999997
0,2811,382,2050,2233,33,5.0,5.452000000000002
11,2665,2370,2108,2028,24,6.0,5.195000000000002
15,1159,410,366,1845,14,5.5,5.584000000000002
7,1824,2225,1659,91,6,6.5,6.391999999999997
0,1146,2215,1122,878,9,4.0,4.903000000000001
7,2747,641,2420,2518,2434,5.8,6.070999999999999
2,417,1207,164,1191,6,8.3,5.867000000000003
0,2721,657,1355,1845,136,7.2,5.921000000000001
5,872,1847,2817,657,252,5.7,5.836999999999998
0,920,2270,2552,2511,390,3.9,4.862
15,2317,2082,2312,1998,23,6.9,6.616000000000002
7,2563,1702,2312,2686,1592,8.2,7.435000000000009
15,865,1652,2851,248,71,6.9,6.042000000000001
7,1617,919,1998,2655,35,5.3,6.156999999999997
7,472,955,207,1560,10,4.0,6.097999999999997
6,933,2385,2681,2853,11,8.4,7.486999999999989
7,1233,1985,854,2786,30,4.5,6.049999999999998
3,2569,1603,49,624,24,6.8,5.583999999999999
7,535,2529,876,2820,52,6.6,6.5009999999999994
0,1761,108,2264,360,513,4.3,5.208000000000001
4,2852,2086,732,1843,61,3.3,5.813999999999997
7,2309,1273,358,2472,39,7.3,6.606999999999999
5,2665,2370,2160,2892,30,5.1,6.123000000000002
4,235,2434,1692,741,353,6.2,4.849
7,1519,670,239,2946,10,7.8,6.135
0,2951,1378,2703,1090,101,6.0,4.949000000000001
18,2464,2360,2144,2626,13,2.9,5.717000000000001
4,2130,2356,173,510,29,5.9,5.3269999999999955
4,1019,1310,2231,1293,106,7.0,6.426999999999998
5,1550,2036,220,208,8801,8.0,6.119000000000003
7,2640,1714,1357,264,19,4.1,5.791999999999998
1,1233,1985,932,2011,17,5.0,6.247999999999999
0,1005,1428,1005,1574,124,3.4,5.397
0,500,631,1436,868,135,5.3,5.556000000000003
11,798,1518,758,2438,10,4.6,4.265999999999998
7,962,902,173,2865,1272,7.5,6.244000000000001
0,1330,1025,1490,2331,4669,6.0,6.168999999999998
7,2012,1702,2321,1567,150,6.6,6.372000000000001
7,550,331,1271,227,3737,7.4,6.713999999999999
7,41,2141,1627,1570,15,6.3,5.742999999999999
0,2799,353,517,442,10,3.4,4.554999999999999
7,51,1303,692,812,40,7.7,6.098000000000002
7,1454,2092,2294,2734,88,6.3,6.407
6,1329,206,2864,703,33,6.6,7.295999999999999
14,2138,1702,1975,2824,14,6.0,6.374
7,1573,1731,1183,2948,8,4.1,5.342999999999998
4,475,376,1920,537,862,7.5,5.626
4,2005,1326,962,544,356,2.6,5.542999999999999
7,1140,2342,2456,1450,5,5.8,5.665000000000004
7,352,364,2102,1476,133,5.2,5.996999999999995
0,267,850,1918,470,7,6.0,4.507999999999998
15,485,720,637,1632,1023,4.2,5.585999999999997
7,1562,483,2088,1758,6,8.5,6.324000000000001
0,1510,1372,2143,2281,40,4.3,6.815000000000001
7,192,485,351,2878,119,4.6,6.578999999999999
7,768,1400,1853,1057,61,7.1,6.671
7,968,1400,1723,1845,17,7.5,6.018999999999998
7,177,2234,158,341,12,5.8,5.092000000000001
0,1658,1647,1251,2822,10,5.4,5.429000000000001
0,626,503,2209,1845,14,5.6,5.016999999999998
0,2702,300,2539,2042,17,5.9,5.1549999999999985
0,413,408,38,819,9,6.6,5.287999999999999
7,1942,1822,2720,714,2479,6.0,6.704
7,1999,1727,1563,2914,47,8.3,6.055000000000002
0,971,393,1752,905,12,4.4,5.002999999999999
0,1567,1425,2003,2566,41,6.5,6.124000000000002
0,1957,1734,1897,2083,22,4.8,5.118000000000001
19,2350,1378,995,2197,36,4.8,6.667999999999999
0,1146,389,1401,1872,47,5.6,5.771
0,2389,702,114,48,8653,5.0,5.845000000000002
15,982,18,2681,2853,83,8.0,5.273
0,2230,1304,1002,2438,51,6.8,5.852999999999998
0,1976,2266,797,2625,96,4.6,4.988999999999999
0,525,2176,622,1448,216,7.2,5.4190000000000005
8,2690,1575,174,2982,6,5.0,6.153000000000003
0,1422,79,1419,2895,183,6.2,4.789000000000002
0,774,2038,709,1746,50435,7.1,5.898999999999997
15,611,118,1484,1355,5,2.8,5.211999999999997
5,1430,707,501,42,284,4.0,5.717999999999998
0,1482,631,818,2074,213,5.8,6.174000000000003
0,1234,1859,2263,392,15,6.1,5.5120000000000005
0,1981,1169,469,639,5,8.6,5.517000000000001
7,1206,389,1549,488,11,3.7,5.640999999999999
7,656,870,982,212,448,6.0,5.992999999999998
7,2250,206,1534,2917,12118,7.3,7.385000000000002
4,1270,2319,2311,3042,374,5.1,5.542000000000002
3,1080,1413,2111,2417,17,6.6,6.024000000000002
2,1789,2385,2681,2853,46,6.5,5.498000000000002
1,955,714,2255,1561,21,6.6,6.376999999999998
4,1309,1378,1950,1447,20,6.5,6.212999999999999
4,2875,1023,2669,1367,728,4.4,5.780000000000001
7,2056,2274,1909,635,439,2.8,5.6800000000000015
0,955,2049,1251,460,46,6.2,5.677
7,1834,1499,635,1180,139,4.3,5.690000000000002
7,1066,455,1373,161,46,8.9,6.375
7,1357,331,1758,1353,1720,5.3,6.206999999999998
4,2829,1711,1353,2197,571,6.6,5.822000000000004
3,2708,2265,1676,2736,14,6.9,6.089000000000002
7,1664,2510,1723,542,8,6.6,6.150999999999997
0,2008,172,1852,1209,13,2.6,4.930000000000001
0,1855,1767,2610,1903,11913,7.3,6.466999999999998
7,1674,714,2623,2339,63,6.8,6.850000000000002
4,2125,384,1060,2833,580,5.9,5.8039999999999985
0,2351,919,818,1747,56,6.6,5.361999999999999
7,392,592,2023,2812,268,6.1,6.63
7,1726,376,2541,2221,5,6.2,5.886999999999998
2,1359,2259,681,689,77,6.7,6.3309999999999995
0,865,2270,2607,2128,459,4.1,5.093000000000001
7,1169,1406,1506,1106,6,7.2,5.835000000000003
7,2637,1428,2407,2831,3764,6.4,7.017000000000003
5,2563,2058,1645,1424,71,6.5,6.478999999999998
0,646,108,153,1802,284,2.2,4.4559999999999995
4,1495,1721,1123,3042,23,7.1,6.093999999999998
7,1201,1232,776,2771,51,5.5,6.143000000000001
7,2711,432,412,1947,8,3.8,6.501999999999993
7,1715,406,2621,1237,2057,7.0,6.406999999999999
4,877,2548,2649,312,273,4.9,5.140999999999999
0,2330,1670,2283,1469,68,7.0,5.895000000000001
13,84,206,2270,2841,27990,7.1,7.756000000000006
4,962,1702,2854,1970,79,6.9,6.2789999999999955
7,985,2084,1677,1538,17,4.4,5.993000000000002
7,2731,1195,1386,2335,94,6.3,5.778
7,990,1245,2448,1557,18,6.4,6.2120000000000015
4,2199,1659,249,2782,27,5.4,5.189999999999999
11,1230,693,1115,1118,4006,5.7,4.773
4,2267,86,12,1306,907,5.8,6.0920000000000005
5,879,616,744,1123,343,7.3,6.297999999999999
0,847,550,447,1043,104,6.3,5.676
6,2139,2385,2681,2853,369,8.5,7.375999999999997
6,230,2385,2681,2853,141,8.7,8.701000000000013
7,2384,389,2732,1029,7,3.9,6.597999999999997
0,1493,1230,358,1997,126,2.3,5.564000000000004
5,1624,1494,1498,200,50,5.7,6.6750000000000025
0,1021,942,1363,178,1229,4.7,5.419
4,1279,2038,581,1028,1582,4.2,5.472
0,2823,809,2325,1494,33,5.4,5.155999999999999
0,1171,1835,2862,419,45,5.3,5.965
0,976,1424,1653,544,10,4.2,5.575000000000001
0,2864,1304,1937,419,31,5.4,5.310999999999998
15,937,1351,2371,1335,13,6.5,5.426000000000001
7,1306,503,2361,1286,17,6.5,5.969000000000001
7,437,1400,1853,2525,49,7.6,6.521
0,1459,1812,2494,637,14,4.4,4.745999999999997
0,754,1389,1404,872,1344,5.8,6.643000000000001
4,1131,1622,255,2841,3023,4.6,5.451000000000004
7,3079,723,1865,805,10,6.8,6.0889999999999995
0,431,1626,2473,703,301,4.5,5.56
7,914,1835,1559,1845,57,6.5,6.348000000000002
1,2581,528,1251,1292,9,6.8,5.646000000000003
6,230,2385,2681,2853,32,7.0,7.783999999999996
7,162,606,1439,643,17,6.9,6.329000000000001
7,507,1514,2563,1768,1031,8.0,6.889000000000001
7,928,788,201,509,101,5.6,5.827000000000001
7,1347,1426,999,1406,49,7.0,6.298000000000001
0,2103,2197,1533,418,25,3.8,5.204000000000002
0,1233,861,2111,632,9,4.1,4.647000000000003
0,2573,514,514,617,6,5.8,4.617000000000001
5,3087,250,2552,360,1906,4.8,5.705999999999998
0,1793,123,2503,312,78,6.0,5.447
7,962,1980,2492,409,62,7.5,6.499
7,289,1544,1571,81,1187,4.8,6.690999999999995
7,641,2326,531,900,20,7.4,6.275
7,1017,101,2263,2715,1858,5.5,6.138
0,2679,467,698,386,207,5.1,5.445
15,2339,183,1897,2650,16,4.7,5.253000000000002
0,1250,830,1785,2330,22895,6.9,6.627999999999999
7,1650,417,2391,872,5785,7.9,6.17
10,2079,2360,2111,337,15,7.1,6.204000000000002
0,2172,2487,2263,371,18,5.7,5.190000000000001
15,2679,1099,1234,2713,103,4.8,5.840000000000001
4,1935,2516,2778,448,3872,5.7,4.545999999999998
7,911,662,255,27,25,4.4,5.301000000000004
0,1669,1378,895,1826,9,5.4,5.73
7,2483,1982,1461,1421,92,6.6,6.634000000000001
0,1146,1702,818,637,47,6.1,5.7799999999999985
7,1422,250,1357,868,150,5.9,5.705000000000004
7,458,919,2186,2638,314,5.8,5.780999999999995
7,693,145,1065,48,1277,3.7,6.046999999999997
1,1780,1297,1467,1623,1779,7.0,6.389000000000002
4,939,2050,108,2866,12,5.8,5.842000000000001
7,2745,2295,1220,1774,83029,9.1,7.720000000000004
5,2267,2300,1200,2837,1830,6.9,6.062999999999999
6,416,2385,2681,2853,18,9.3,7.561999999999999
4,219,132,2611,360,277,4.3,4.8919999999999995
7,151,1911,156,335,79,5.2,5.925999999999999
7,1265,857,2478,223,448,5.2,5.702000000000001
5,610,76,378,115,199,7.4,5.1
0,5,919,1998,2081,9,3.8,4.229999999999997
0,110,341,20,3028,131,3.3,4.744
5,2026,2082,2202,2920,66,7.2,6.513999999999998
0,1171,206,934,1945,586,4.7,4.6899999999999995
8,1768,1528,2347,1538,13,5.1,6.516000000000003
7,3000,1906,3,3046,6399,3.8,5.5699999999999985
7,2591,1720,1856,202,33,7.6,6.092
5,2753,1449,2423,74,210,6.0,5.9719999999999995
0,2230,919,1677,1544,21,5.8,4.656999999999999
7,239,2330,1447,165,193,6.8,5.906999999999995
0,2009,358,181,418,198,3.3,5.591000000000001
7,1482,503,1455,2686,24,6.7,6.061999999999999
0,2109,206,114,104,15192,7.4,7.204000000000001
1,2384,1392,2527,850,9,7.6,5.6530000000000005
7,2457,1777,591,2728,19114,6.4,6.969000000000001
3,2991,1387,1401,1146,1753,5.5,7.011000000000006
4,436,2058,1258,1469,94,7.0,6.088000000000002
0,2169,2487,1559,1109,50,4.8,5.173000000000001
0,2019,145,2328,2235,622,4.3,5.231
15,183,1425,2003,1942,8,5.9,5.446999999999998
7,1729,2539,1735,1487,2253,6.9,6.718000000000002
0,2102,2270,1510,988,1873,6.3,5.507
0,578,528,2265,1106,6,3.8,5.032999999999999
15,271,1443,1815,1673,143,2.6,5.3660000000000005
15,1203,27,1432,1375,8,4.4,5.066000000000002
14,1826,246,428,2420,8,6.1,5.207999999999998
7,2113,631,1628,1106,14,7.2,5.497999999999999
0,1233,631,1410,2438,23,4.7,4.896000000000001
13,1457,2239,2565,465,10,8.0,5.004333333333332
0,1990,631,949,920,48,5.6,5.284000000000001
5,2042,1786,1852,2859,6,5.2,5.422999999999999
7,1565,1181,428,703,105,6.6,5.999999999999999
7,2005,1167,2270,2820,6093,6.9,6.074
7,33,1226,19,398,12,6.2,5.3130000000000015
7,92,1926,607,2686,58,6.7,6.626
11,1276,1734,1327,7,30,5.8,5.832999999999998
4,396,421,1131,2023,20275,7.5,7.518000000000003
0,1357,1025,479,2194,384,2.7,5.770000000000002
7,503,2192,665,1054,8,6.9,5.557999999999998
7,135,1,1238,2358,22,6.1,6.254000000000001
5,1226,773,2119,1259,287,5.0,5.254999999999999
3,865,508,2557,212,642,5.1,6.555999999999996
11,1546,1568,1091,238,2139,6.8,4.717999999999998
7,1559,1756,2190,2853,85,8.8,6.685000000000002
7,942,1543,488,417,21,8.6,5.829
0,1670,2452,1002,1555,17,2.8,5.3279999999999985
0,1890,861,2765,1965,8,5.8,4.892000000000001
14,2019,2487,2747,2542,189,6.9,6.1480000000000015
0,566,2144,237,312,1014,6.9,5.426999999999996
4,1071,1067,2824,88,8,6.1,5.411999999999999
13,1203,1067,1230,1845,484,7.4,5.922
11,1876,543,2376,2196,6,6.8,3.6740000000000013
7,1011,919,2003,207,22,5.7,5.729999999999999
7,1785,2487,818,138,127,5.0,5.040000000000003
19,436,427,1210,715,18,7.0,6.157
1,1110,1771,1160,888,21,6.6,6.2269999999999985
4,582,389,126,551,88,3.1,5.352999999999997
0,2339,982,150,2585,223,6.6,5.001000000000003
0,646,2262,1003,2288,531,4.2,5.043000000000002
7,1311,1980,96,1561,49,6.9,6.2280000000000015
7,2010,1670,1882,3012,1611,7.5,6.173000000000001
4,843,86,12,2104,584,5.1,5.853999999999998
18,1909,164,1939,2859,13,6.4,5.949000000000002
0,429,1304,2195,1338,147,4.7,5.1179999999999986
9,1928,304,1662,1988,5900,6.6,6.283
0,744,631,818,111,295,7.2,5.773
5,2058,1693,730,841,645,4.7,5.843000000000003
7,1159,2119,2623,2165,70,5.3,6.752000000000001
11,1849,897,1589,2933,2027,5.6,4.682000000000003
7,1952,1877,1645,481,12,5.7,5.843999999999999
0,1422,550,982,1774,192,5.2,5.731000000000002
7,3003,616,337,2556,14,6.9,6.044999999999998
7,1529,1400,2549,1997,8788,8.0,6.511
7,2642,1074,2839,564,856,7.3,6.61
5,2645,2116,616,2950,6,5.3,6.0920000000000005
4,3097,1939,127,1609,1890,4.8,4.3599999999999985
4,2051,707,2573,371,14,6.6,6.007
7,3093,1165,358,2566,6,7.5,6.389999999999998
7,2910,206,2263,459,699,7.2,5.635999999999999
4,2670,1760,591,541,10674,6.1,6.666999999999996
7,3137,650,1049,319,5124,6.7,5.8370000000000015
0,2275,660,1131,2899,1204,4.3,5.869000000000001
4,2606,2356,1241,1492,178,4.3,5.042000000000001
7,2339,1711,2488,2894,76,5.5,6.851000000000003
0,2631,2170,1168,1591,238,5.8,5.244999999999999
7,2760,2219,694,2727,21,7.8,6.073999999999997
0,1524,1536,2252,1629,43,5.9,5.988999999999997
0,1323,1672,2126,1262,11942,6.7,6.734000000000002
7,1204,1046,395,1370,17,4.8,5.875
7,3106,206,2321,1036,2603,7.3,6.542999999999996
1,298,301,820,1196,23,5.7,6.165999999999997
0,1785,1224,884,1682,85,5.0,5.425999999999999
7,2942,486,1620,2189,22,7.5,6.116000000000001
7,1504,329,2515,979,101,5.9,5.681
5,861,1494,2436,207,1599,8.2,6.5559999999999965
5,1137,1425,1409,2943,12,5.5,5.634999999999999
0,2910,2082,2029,1669,78,7.0,5.463000000000001
0,1355,1876,602,2192,10,5.2,5.5349999999999975
19,2766,2424,1431,1935,9,2.7,4.742666666666668
0,2934,1702,2864,1781,107,5.8,5.545
5,1100,755,2175,2033,18,6.7,5.881
0,399,2489,1852,2083,21,7.2,5.589000000000003
7,1414,2084,1969,1363,7,5.7,5.224999999999999
3,2607,2024,1600,2011,4518,7.6,6.896999999999997
4,280,304,626,2731,3596,6.1,6.0
4,2187,1362,373,2438,12,5.8,5.596999999999996
7,2944,1563,1258,2496,13,5.2,6.054999999999999
0,1575,1814,772,1559,10,3.5,5.522999999999999
0,722,322,317,952,10,5.4,5.009000000000003
0,384,2082,2791,1669,47,6.3,5.7200000000000015
6,2296,698,2681,2853,14,6.5,7.049000000000002
13,1142,740,96,1845,18,6.2,5.4
15,1676,1491,1443,1723,18,7.6,6.3469999999999995
4,1079,634,1802,1946,877,4.4,5.774000000000002
7,2690,2242,549,1606,8,5.6,6.234999999999997
9,458,1373,2713,2053,22,7.4,6.576000000000005
7,1245,777,124,2346,1220,4.0,5.632999999999997
0,1268,2153,1267,2123,8,4.8,5.275999999999999
6,1383,392,569,530,8,8.1,6.841000000000004
7,239,693,2672,729,1152,4.8,6.51
0,2162,1175,2607,2330,116,3.9,5.077999999999999
0,1910,615,1472,703,99,3.9,5.773000000000004
7,2247,977,2626,1491,2508,6.1,6.519999999999999
1,2388,1652,801,2809,8,7.5,6.162000000000002
0,323,631,763,264,49,3.2,5.304999999999998
7,2010,1400,1853,1874,596,7.7,6.204000000000001
0,2368,1895,1707,501,220,5.2,5.274000000000001
5,1179,631,763,264,67,5.4,6.006000000000001
7,2488,452,1904,2261,449,7.9,5.904
4,1924,1522,1632,2169,6120,7.0,6.61
0,402,1818,2126,1326,142,4.5,5.015999999999998
0,3107,1304,390,2247,15,3.3,4.533999999999999
7,517,657,2411,619,32,6.6,6.020000000000002
0,354,331,86,1727,1886,6.4,5.225999999999999
7,2540,1988,1793,1573,315,5.1,6.071000000000001
0,1196,145,2717,1635,492,4.1,4.866999999999999
7,969,1702,2436,2236,47,7.3,6.395000000000001
0,712,441,134,1822,9,5.6,5.125000000000003
7,2160,1818,1852,312,166,6.9,6.375000000000003
0,44,2463,2552,2610,1403,3.3,4.823999999999998
5,2949,986,2041,2201,45,4.2,5.717000000000004
4,1869,599,2631,1189,101,3.8,6.360999999999998
8,3065,1629,1655,1777,7,7.4,5.833999999999999
4,200,2178,1723,2708,913,8.2,5.428999999999999
7,2063,809,1920,481,59,6.4,5.940999999999995
7,1636,1373,1494,500,50,7.3,6.992000000000002
7,2295,1049,2609,117,3919,5.4,6.2879999999999985
7,1826,266,2482,244,6,6.3,6.061000000000002
13,1872,945,337,1469,44,6.9,5.9289999999999985
7,1701,1693,2446,1548,826,7.1,6.827000000000002
0,1661,1369,2763,2853,8,6.6,5.657000000000002
0,1358,1112,1833,982,57,7.1,5.530999999999999
14,898,948,2689,1774,115,4.4,5.450000000000001
14,239,823,2843,970,1608,3.3,5.661000000000001
0,1422,2487,2263,637,87,6.1,5.612000000000002
15,2178,1324,439,726,6,5.3,5.012
0,655,2266,1704,2625,353,5.1,4.632000000000002
4,2203,2496,1101,135,14,6.1,5.818
1,1707,1545,2117,2472,944,6.1,6.332000000000002
7,2690,1702,934,2480,21,5.4,5.922999999999998
7,2661,2082,1472,2417,503,7.6,6.309000000000002
7,2271,2353,2816,837,5461,7.7,6.088999999999999
8,1078,2385,2681,2853,10,7.1,5.704999999999992
0,2323,2084,1998,637,7,4.6,4.696999999999999
0,1557,575,1455,1486,19,6.2,5.656999999999996
0,655,108,1234,1869,685,4.1,4.792999999999999
8,2823,1980,1998,2480,28,5.4,6.2730000000000015
4,2829,982,2763,595,293,7.2,5.538000000000002
0,1557,714,2323,2564,17,6.3,5.1930000000000005
7,2290,1274,1434,1248,18,6.9,5.551000000000003
14,1132,1612,2341,2686,14,5.7,5.814999999999998
2,2095,926,550,1183,145,5.7,5.389999999999999
5,3056,2094,802,673,219,2.8,5.395999999999998
4,788,1405,1665,287,2118,6.3,6.001000000000004
4,2679,982,1290,1746,68,6.6,5.3469999999999995
0,1311,503,2003,2695,6,5.7,4.690000000000001
7,475,1980,2747,409,36,6.0,6.315000000000001
0,1139,1969,1357,207,142,6.0,5.164000000000001
7,1622,707,2436,852,181,7.1,5.992000000000001
5,2895,1132,1194,2621,47,6.6,5.716
0,2154,1181,1813,1055,42,6.0,5.621999999999998
4,1450,1777,269,2084,15583,7.2,6.883000000000002
4,2532,553,67,454,41,8.1,5.284000000000001
7,2225,2082,2003,1777,36,5.5,5.8020000000000005
4,110,1454,2109,2553,18,5.8,5.721999999999998
7,871,2075,1731,397,6,9.0,5.814999999999997
0,2730,2360,794,544,360,7.2,5.436999999999999
5,1205,2474,354,579,19,3.4,5.772999999999996
8,1758,1106,2488,2038,76,6.2,6.714000000000001
7,1433,1190,664,806,18,5.7,5.523
2,2095,2385,2681,2853,5,5.8,5.727
4,3062,206,114,1899,9478,6.8,6.538999999999998
4,2201,1835,1793,1250,191,6.0,5.236000000000001
4,2106,18,1220,1525,357889,8.4,7.860000000000005
0,472,1304,1647,2787,70,6.8,5.805999999999999
12,1740,89,155,2134,31,6.6,5.5550000000000015
15,1142,2058,1628,2847,25,8.0,5.981000000000002
4,2519,2290,243,409,14,6.7,5.346999999999998
0,631,145,2357,1774,864,4.2,4.916
7,2996,1862,2655,2438,15,5.6,6.520000000000002
0,2937,2385,2681,2853,6,6.3,4.979000000000002
4,673,1741,2559,775,794,2.5,5.371000000000001
7,777,931,2151,2038,45,5.9,6.171000000000003
7,1668,919,1436,668,40,5.8,6.052
11,2665,2277,838,831,42,3.2,5.471000000000001
7,3087,1625,2834,876,708,4.2,6.060999999999998
0,1624,1389,1234,1563,584,6.9,6.100000000000002
18,128,1279,333,417,26,2.5,5.077000000000002
4,232,1763,2623,805,25,6.8,5.746
7,818,159,2270,1261,37149,7.5,7.726000000000006
0,2864,1304,1992,1759,5,3.2,4.944000000000001
0,2215,1841,1508,76,1105,4.9,5.434000000000003
13,1990,368,607,481,109,6.6,5.432000000000003
5,2058,746,2744,816,15,5.9,5.773999999999998
0,2110,2090,2426,2113,6,5.8,4.658000000000002
0,1233,631,1401,868,515,5.5,5.399999999999999
7,299,937,393,1774,6928,7.3,6.128000000000001
0,1847,1939,393,2981,22173,6.6,6.177000000000004
13,783,714,686,576,358,2.9,5.186
4,237,1400,1853,860,475,7.7,5.596
4,54,1597,13,162,500,8.6,5.358999999999998
0,1089,45,459,1349,1292,4.8,5.616999999999998
7,2384,2030,317,3049,123,6.4,5.384999999999998
5,1395,1180,1111,2123,6,3.5,5.480000000000001
0,2277,1947,2395,938,55,4.9,4.825999999999999
7,740,818,1925,1685,3187,2.7,6.524999999999998
7,728,1974,1701,84,9,8.6,6.024
4,1473,693,501,938,464,2.9,4.903
0,920,108,2552,2331,2202,4.7,5.381999999999994
7,2144,1067,845,1057,29,6.6,5.733999999999998
7,99,1521,1503,1683,11,7.4,5.644000000000005
7,768,616,1596,2566,36,6.2,6.381999999999996
7,2917,1635,1026,2478,58,7.0,5.617000000000001
0,1029,335,642,877,25,5.0,5.024999999999999
4,2858,1761,115,2029,4340,8.0,5.0790000000000015
4,517,1165,448,1057,35,6.6,5.887
0,384,1763,1559,427,22,4.5,5.778
0,457,2405,702,1238,115,3.1,5.392
7,1528,2319,2584,2335,243,5.5,5.944999999999997
4,1503,1074,2852,822,24,4.7,5.860999999999998
7,206,500,998,1097,12,5.1,5.866000000000001
7,2675,1865,2853,1038,8,6.9,6.6949999999999985
0,2624,444,1859,331,7,4.9,4.843999999999999
11,2665,2370,2749,544,42,6.6,5.748000000000003
2,2103,95,2682,1207,156,4.6,4.877999999999999
4,1416,1605,283,285,34,5.1,6.036999999999998
7,2862,1695,916,1469,29,6.4,5.8229999999999995
7,38,1251,114,1171,9721,6.6,6.708999999999999
7,475,1304,1432,2943,53,7.2,5.617999999999998
8,1677,1181,607,289,24,6.5,5.943
6,1097,2385,2681,2853,276,8.1,7.849999999999999
7,2750,1169,792,1218,14,6.9,6.080999999999998
4,1974,421,1626,287,12276,7.0,7.405999999999997
4,2069,1144,900,2358,314,1.9,5.422999999999999
0,1268,1695,2793,391,11,7.6,5.576000000000001
4,2160,1731,1183,544,241,3.7,5.258000000000002
6,147,2385,2681,2853,9,7.8,8.093000000000002
0,2664,919,2429,3045,10,5.4,4.987999999999996
4,2160,1835,688,1945,164,5.6,5.600000000000001
5,1422,2165,207,212,76,5.5,6.103999999999998
4,3122,1039,1910,27,349,6.1,5.899
0,2225,1980,949,2480,27,5.9,5.748000000000002
0,1167,2105,1897,3000,57,6.5,6.037999999999999
4,1924,853,1177,1746,11078,6.2,7.159999999999999
19,1529,2285,750,3015,5,6.0,5.6370000000000005
7,888,1178,2280,450,43,5.3,6.495000000000004
7,1583,529,1137,2070,7,3.3,5.874999999999997
5,44,2155,2457,138,10842,7.2,6.535999999999997
4,2593,1023,2468,1661,12000,3.2,7.2589999999999995
13,1639,382,2304,1682,29,5.0,5.861000000000003
0,376,2266,1065,2625,296,4.7,4.597000000000002
0,1953,942,2470,2044,1909,5.1,5.613999999999997
4,2528,1231,589,1706,3574,7.6,6.201000000000002
0,2450,1969,900,78,364,4.2,5.176000000000003
4,2031,1405,2756,352,1166,6.8,5.547000000000001
7,962,1273,784,1469,50,7.0,6.131
0,846,915,2733,48,2442,2.0,5.310000000000001
0,1152,2428,1980,427,414,6.5,5.526999999999998
7,1717,253,582,1700,29,7.6,6.461999999999998
3,3078,2089,2807,824,229,6.7,6.15
15,916,285,2858,2111,897,6.5,6.010000000000002
18,572,343,1700,659,12,4.8,5.101000000000001
0,2005,2270,982,2393,797,5.2,5.831999999999999
5,869,2487,1633,1305,213,6.8,5.8679999999999986
0,2102,145,2552,2107,7623,7.0,5.319000000000001
0,2082,2100,810,90,128,2.7,5.334999999999997
5,1650,1405,900,1090,2322,7.8,6.385
10,1065,586,927,1179,9,6.6,5.8389999999999995
16,2781,1291,1191,2853,1624,6.3,5.020333333333333
0,194,2231,1791,169,15,3.1,5.3909999999999965
7,3106,2215,2029,2981,1657,6.8,6.117999999999998
0,1567,631,2003,1715,55,7.0,5.861000000000001
7,969,2021,423,2811,64,6.5,6.780000000000002
7,3056,2292,593,1833,30,6.3,6.155
4,1994,2509,2253,2203,76,2.1,6.612999999999996
5,1610,1445,1967,693,415,5.6,5.976999999999996
5,1624,767,2607,1175,431,4.6,5.642
7,2249,2110,1514,1868,245,6.8,6.617000000000002
7,1180,1977,1220,2246,153,4.6,5.777
0,2866,2510,1870,1317,8,4.5,5.120000000000002
13,3086,687,663,2808,1901,7.4,5.275000000000001
7,1143,1612,2564,754,8,6.5,5.566999999999998
7,725,811,2042,124,6,4.5,6.351999999999999
4,527,652,268,2635,185,3.8,5.755999999999999
4,2012,616,744,1106,19,7.4,5.112999999999997
0,629,767,1065,2438,2654,6.3,5.710000000000003
7,212,206,2864,1934,19,5.4,6.074999999999996
11,1954,248,2650,504,6,4.3,4.506999999999998
7,1646,2349,406,2342,627,5.0,5.451999999999999
4,2801,725,603,2021,7,4.1,5.645000000000001
20,377,1910,1137,920,52,6.7,5.564000000000001
7,2730,1301,1067,2165,590,4.2,5.5699999999999985
4,1055,285,2574,423,233,3.6,5.47
0,1864,2030,1234,450,424,7.3,5.768000000000003
6,605,854,330,2853,15,6.8,7.192000000000003
0,1362,919,1998,1873,16,5.2,5.023
7,759,1939,1290,1961,1214,4.9,7.091000000000003
0,334,2468,789,2862,20,3.0,5.528000000000002
7,1402,1247,99,767,11,5.3,5.787999999999999
7,2774,2483,2248,1951,69,7.6,6.046
15,552,1731,1108,2058,9,4.2,5.212000000000001
7,2545,2321,428,1738,34,6.0,6.477999999999998
7,1877,935,960,418,268,5.7,6.242000000000003
6,987,388,2728,902,19,6.9,7.201999999999998
15,1272,1786,2841,1003,10,6.0,6.021333333333332
6,659,1754,2681,2853,6,7.5,7.563000000000001
15,109,1109,559,1062,206,5.4,5.621999999999998
7,1153,2262,2399,795,32,8.0,6.656000000000002
7,2661,705,2566,195,406,7.7,5.602
15,2862,2510,1882,111,124,6.7,5.653000000000002
3,1766,982,2488,1751,18,5.3,6.141999999999997
7,2616,2262,2321,2130,18,5.4,6.567999999999997
7,1820,1194,1888,2333,8,7.5,5.649
0,1233,861,2111,442,9,4.3,4.823000000000004
0,2351,172,1473,1502,6,6.5,5.054999999999998
5,3109,1165,1933,1298,7,6.3,5.234
15,715,1809,178,2037,6,6.2,5.244999999999996
7,1659,1148,1084,1096,151,6.0,5.941
6,1221,2385,2681,2853,22,6.5,7.574000000000003
18,1305,902,1940,703,10,6.4,5.032999999999999
7,1775,642,735,2904,412,8.1,6.267999999999998
0,429,2084,2263,2330,66,5.1,5.7070000000000025
8,1888,817,1318,921,7,5.7,5.329
7,375,1354,173,2480,40,4.8,6.4629999999999965
0,1624,2270,629,2861,424,5.5,6.0959999999999965
7,1857,1645,434,373,105,7.2,5.541999999999998
7,1711,2544,183,2111,16,7.3,6.363999999999997
7,1422,1405,2270,1805,2676,5.5,6.597000000000001
4,2505,1316,1066,2648,741,7.6,5.896000000000002
0,2281,206,42,104,8367,5.5,5.6549999999999985
13,591,1635,1777,1845,192,7.0,6.481000000000002
5,2126,1066,652,1815,23,2.1,5.6549999999999985
5,3115,1336,1786,47,8,7.8,5.5630000000000015
4,244,250,686,2288,11195,6.6,7.1489999999999965
4,1156,1171,1758,1840,1873,6.7,5.823
5,2109,1276,2029,2720,3185,7.8,6.565999999999998
6,285,2385,2681,2853,16,8.0,7.552999999999996
4,2011,1978,1274,24,99,5.1,5.829000000000001
4,2365,1184,1967,507,710,3.7,5.897000000000002
18,1049,1702,2623,1544,38,6.1,5.992999999999999
7,175,2510,2701,1998,39,6.7,6.990000000000002
0,1482,206,182,1715,1604,6.2,6.106000000000002
0,1674,714,1151,2711,22,4.9,5.0710000000000015
15,353,697,689,2376,18,4.0,5.041000000000001
7,2012,1980,2003,1544,32,5.0,5.903000000000002
7,869,919,933,1845,827,7.5,6.530000000000001
7,2103,2250,836,1136,11,6.0,5.393
4,2106,1969,311,869,75813,8.1,7.9270000000000085
0,918,376,2325,2417,11,6.5,4.916
7,1885,441,2859,1296,15,6.8,6.425000000000003
4,2127,2382,872,1413,74,5.9,5.568
7,1529,1165,1596,717,162,6.8,6.189999999999995
0,1568,117,1577,2397,9,4.1,5.412999999999998
7,1392,631,818,1715,88,6.5,6.098999999999998
18,1163,959,1835,2745,221,6.9,5.640999999999999
0,2629,566,2681,2853,11,5.8,4.776000000000002
11,510,1985,911,194,8,6.5,4.5639999999999965
7,2212,389,439,1494,37,5.5,6.285999999999996
7,1121,2165,2775,875,35,7.1,6.195000000000001
0,1159,1199,1401,806,19,2.6,5.007999999999999
0,1146,2215,1122,2092,12,4.8,4.935
0,2339,1882,1975,3020,7,6.6,5.568999999999999
7,2234,1400,2681,2853,13,7.9,5.625000000000001
0,2665,2370,1952,922,169,5.4,5.090000000000001
0,670,1188,1322,259,59,5.1,5.646999999999997
4,38,1251,1042,2589,5679,5.7,5.797999999999998
15,2934,1324,392,1635,22,6.1,5.459
11,160,146,1674,374,1147,6.2,4.427999999999998
0,2019,145,2302,1884,631,3.6,4.996000000000002
5,2621,872,1305,1519,11531,4.8,7.24
5,1237,1337,1803,1210,1653,6.4,6.206999999999999
7,1872,631,818,409,98,6.9,6.369000000000001
7,1591,2433,2215,1928,408,6.1,6.424999999999998
0,1887,2155,1669,1028,1317,4.4,5.322
4,2394,1651,1265,2091,3038,6.7,6.392
15,2356,1005,2151,207,91,4.8,5.601000000000002
5,671,1651,1166,2521,222,6.5,5.9099999999999975
4,880,45,836,207,448,4.6,5.200000000000001
1,1126,1702,607,2982,37,6.7,6.562999999999999
0,2356,2215,2150,312,603,4.0,5.842000000000002
2,2292,926,2083,2623,117,5.5,6.087000000000004
0,2772,1635,1889,1055,77,6.2,4.824000000000002
0,792,131,383,801,19,4.6,5.2029999999999985
7,525,463,1184,1271,12,7.2,6.099000000000001
0,932,631,2286,2584,23,5.0,4.728
14,143,1971,1063,25,37,5.8,5.763000000000003
4,2704,2202,61,2019,45,6.8,5.656999999999996
2,2909,596,2435,2803,28,7.8,6.236999999999998
0,1146,919,2488,427,43,5.0,5.314000000000002
7,2361,862,587,414,8,5.8,6.658999999999999
7,950,1898,1964,1324,378,7.1,6.462999999999998
7,1668,2489,2263,2358,15,4.4,6.406999999999996
0,1139,919,447,2330,102,4.6,5.018000000000002
14,3000,2030,175,1623,944,7.5,5.788999999999998
0,603,1055,2747,2208,10,5.1,4.848000000000001
5,1872,1165,1723,1106,26,6.9,6.221999999999998
0,1309,461,537,1938,29,5.6,5.493000000000003
7,881,457,1957,862,27,7.1,6.067000000000002
0,546,2549,1335,556,103,6.6,5.430999999999999
15,2841,2037,836,442,21,5.0,5.658
4,1624,2076,2123,245,798,5.7,5.643
4,1804,1304,549,2615,133,5.2,5.761
0,1600,2266,1065,2512,814,5.5,5.587999999999999
0,2898,631,133,1766,43,5.4,5.537000000000002
0,1146,346,939,2384,11,5.4,4.871999999999999
4,2211,1796,2065,1126,14,5.6,5.346000000000001
4,3042,767,1096,1110,223,5.6,4.350000000000001
7,2485,638,1334,981,13,7.6,6.0360000000000005
4,2394,853,2100,738,24676,7.9,7.5169999999999995
4,2378,2476,1082,1484,1302,4.7,5.353000000000001
0,635,1304,573,1107,56,6.2,5.544999999999999
0,386,1695,2321,2040,25,6.0,5.853
8,2231,1447,1993,2119,9,7.8,5.619000000000002
0,2864,1030,176,427,42,5.7,5.870999999999998
13,2579,1961,2726,948,31,6.9,6.273
4,2330,1067,2791,3058,39,7.1,5.670999999999999
7,2488,2135,2598,2853,54,7.6,6.812000000000003
3,2840,382,644,2015,72,5.5,6.289000000000002
7,283,293,2180,2853,39,8.3,6.661000000000002
13,0,376,1258,703,42,7.0,5.690999999999999
7,2862,1523,1628,1494,10,6.7,5.663000000000002
0,385,532,708,2480,13,5.7,4.937000000000003
0,629,2487,2029,1090,325,4.7,4.984999999999998
19,2143,684,2681,2853,5,6.6,5.253999999999999
4,752,86,2035,449,808,4.1,5.1910000000000025
7,2259,1428,2208,2243,4505,6.9,6.956
0,2598,1969,2557,212,187,5.1,4.213000000000002
7,1187,982,2375,1044,23,6.6,6.190999999999998
7,2664,1682,1273,675,8,5.0,6.268
7,2140,2511,42,2628,7256,6.1,6.137000000000003
0,264,2082,219,2247,8,3.6,5.366999999999997
0,2084,1969,1290,78,208,4.2,4.822000000000002
0,2032,2511,1308,1567,141,6.6,5.740000000000001
5,749,1815,596,619,30,7.1,5.355000000000001
7,1257,1563,1603,2134,12,6.2,6.247999999999998
7,962,376,607,2464,690,8.2,6.413000000000002
0,401,1980,697,2496,14,5.1,5.378000000000001
7,1467,2369,2512,2751,2042,7.7,6.516000000000002
1,2161,1202,815,2830,6,6.5,5.931000000000001
7,2111,1665,1424,2026,24,8.0,6.104999999999998
1,2458,2508,1265,1672,557,4.2,4.834000000000003
14,2563,1563,1258,1082,15,6.4,6.023000000000001
0,3000,250,900,1393,3223,7.2,6.154000000000002
0,1794,1453,1871,1746,294,4.1,5.269000000000002
4,246,1554,1521,1562,69,3.4,5.922
4,1567,1067,2824,986,62,7.4,6.209999999999995
0,1017,631,1401,1623,474,7.2,5.647000000000002
4,1432,1645,826,2334,7,6.3,5.16
0,2513,714,2202,2130,24,6.4,4.9990000000000006
0,1767,1996,96,1106,14,5.5,6.448000000000004
0,1891,810,2038,2123,11,4.5,4.575999999999999
7,2067,257,1971,2376,31,6.9,6.568999999999999
0,2098,2360,1242,1816,12,3.6,4.942
7,1138,368,474,1724,31,5.7,6.560000000000003
7,919,919,2003,2165,45,5.3,5.541000000000001
2,1870,925,1576,2387,12,6.1,5.569
0,1924,145,2552,1774,59545,8.2,5.493999999999999
4,2233,2541,2286,1110,7,4.3,5.619999999999997
7,2009,1818,818,1031,75,4.5,6.0699999999999985
4,2366,1767,1770,1713,1765,4.4,6.478000000000004
0,646,108,1980,2253,186,3.4,4.209999999999995
3,2336,463,216,1561,11,6.7,5.574
0,2864,1731,1401,1910,18,3.3,5.692999999999997
4,629,250,1980,2055,640,4.6,5.598999999999998
0,1233,171,274,427,13,4.1,4.809000000000001
0,2222,550,982,2061,128,6.0,5.7349999999999985
12,2423,137,2526,2094,48,5.9,5.137
14,2665,2370,1527,2920,80,6.5,5.4460000000000015
5,2525,1959,1520,2518,398,5.7,6.079000000000002
0,1,1557,2,1823,100,6.1,5.402000000000002
4,950,1575,1940,2411,23,5.8,6.375999999999998
0,1139,1969,982,2782,242,4.5,4.974
0,2593,1696,1937,299,802,5.8,5.718000000000003
0,646,593,114,2715,586,4.8,4.936000000000002
7,1119,108,2277,541,1061,4.9,5.686999999999999
4,1307,461,763,1090,131,4.1,5.127999999999998
3,867,809,2791,2243,8,6.1,5.402999999999999
0,920,2270,153,1672,300,2.6,5.1339999999999995
8,315,1702,1813,1359,61,7.1,6.398000000000001
7,1406,1667,629,1756,9,6.3,5.815999999999999
7,2557,1712,285,844,8,5.1,6.325999999999997
15,2864,704,1437,1765,58,2.7,6.157999999999999
8,918,919,2003,2165,47,4.9,5.593
3,0,558,513,1986,37,7.7,5.721999999999998
1,2088,1702,2436,1965,39,5.8,6.155000000000005
6,2057,1268,2681,2853,6,5.8,7.333000000000004
7,1426,366,1134,2522,92,6.7,5.967
0,2032,2262,337,1567,18,5.7,5.191000000000003
4,427,2042,2745,2997,5334,5.2,6.1869999999999985
0,2916,2360,2111,1344,262,3.0,4.976999999999999
7,3131,1439,1687,512,137,6.5,5.760000000000002
2,508,2385,2681,2853,7,4.9,6.7710000000000035
5,1350,693,2458,358,6080,6.9,6.06
14,1098,1532,2837,2146,57,3.9,5.940000000000002
18,2665,2370,2325,1781,27,6.3,5.398500000000001
5,1549,2173,965,2124,11,6.0,5.865999999999998
0,1401,2230,1924,2651,58,6.9,5.217
14,2572,616,2827,593,116,6.8,5.850999999999998
0,316,1939,2457,1840,16920,4.8,5.984999999999997
18,2420,1488,670,2726,258,5.5,5.622000000000006
7,2970,1889,2375,207,9,3.7,5.664000000000002
7,32,484,204,1551,77,5.4,6.2780000000000005
15,2960,1299,1076,1515,151,4.8,5.517
7,1380,1702,2003,1965,152,6.4,6.261999999999998
4,385,389,314,726,9,4.3,5.400000000000002
9,2130,1939,182,2484,923,4.5,5.735000000000001
0,2719,1023,2126,1988,7210,5.2,5.658000000000002
7,1824,376,1813,795,46,7.4,6.148999999999997
15,1043,894,1621,116,10,4.6,5.7090000000000005
0,865,2270,1980,312,1551,5.8,5.547999999999999
4,2672,1023,1011,354,2975,5.6,5.387000000000001
5,622,1702,1094,371,87,6.6,6.261000000000003
4,2194,767,1632,1293,335,3.9,4.681999999999999
11,3035,693,471,772,3528,4.0,4.847999999999998
5,673,931,1095,938,46,4.9,5.815
7,631,1667,2825,2882,72,7.3,6.434000000000002
0,629,508,1632,1774,1124,4.2,5.361999999999998
4,962,503,1375,2420,45,6.9,5.992999999999996
0,3106,206,2202,2472,2086,7.7,6.626000000000004
0,1951,1711,2087,2534,130,6.6,5.206999999999999
4,109,2492,2736,255,347,5.4,5.116999999999997
7,772,1909,879,2734,95,6.2,6.303999999999999
9,1146,919,934,1845,72,5.7,5.884000000000002
7,0,2262,1355,1973,48,7.4,6.491000000000003
7,1168,1304,2488,2040,69,6.2,6.6200000000000045
0,2146,1378,142,1950,3399,8.1,5.684000000000003
8,2563,1702,2321,2817,86,6.4,6.567000000000004
7,848,382,644,29,12,4.9,5.48
4,69,1224,699,2933,3011,5.9,5.355999999999998
7,1691,479,566,628,5,5.2,5.945999999999999
11,1573,1276,1615,2247,27,4.8,4.217999999999999
7,1910,612,1448,1393,2248,4.2,5.856999999999999
0,1576,603,1646,1745,6,5.0,5.484
5,239,2546,740,1303,417,3.6,5.372999999999996
2,1297,108,1011,180,746,4.2,5.952000000000002
0,869,1494,2607,591,2079,7.8,5.826999999999999
7,762,709,1792,1678,15,6.6,5.964999999999999
0,2010,1407,1768,1950,44,4.0,6.031999999999998
7,137,930,2286,2427,12,6.5,6.058000000000003
7,941,723,404,2694,16,6.8,6.205000000000001
4,393,108,1115,1774,5383,6.4,5.987000000000003
13,746,1502,1455,1131,8,6.1,5.648999999999997
4,1011,1067,216,1429,12,7.2,5.954
11,367,526,290,1252,349,5.6,5.1039999999999965
7,1233,252,169,2347,53,5.0,6.147999999999995
7,2832,2082,2426,2038,38,5.7,6.050000000000001
7,2988,331,879,1228,91,6.5,5.773000000000001
0,2160,631,1998,2542,44,5.1,5.313
0,546,503,1258,1082,37,6.6,5.596999999999998
5,2819,2082,2312,1872,81,6.5,6.445
0,2181,919,2325,2425,1925,4.9,5.916
7,1903,2030,1327,2253,35,6.9,6.218000000000002
0,1159,2455,274,366,45,4.7,5.285
0,1017,631,2791,722,206,6.3,5.369000000000003
7,13,538,596,1123,9,7.9,5.894999999999999
7,1864,108,1249,1114,1102,5.1,5.341
5,2508,331,2860,178,826,5.6,5.8420000000000005
7,1059,2331,2559,1617,1167,3.1,5.794999999999999
7,1722,1522,1082,970,6034,7.7,6.518999999999998
0,2910,206,1357,2189,1945,6.3,6.529000000000001
2,592,1224,982,418,456,5.9,5.9190000000000005
4,2670,1925,1958,1028,4409,5.6,6.0379999999999985
5,585,1400,1853,753,53,7.6,6.554000000000002
4,3046,1974,2857,1304,66,5.3,5.864999999999998
4,288,1405,1014,1060,1699,7.2,5.398999999999998
4,38,1251,116,1171,4373,5.7,5.159999999999999
19,1726,504,2774,1639,7,5.7,6.151000000000002
7,1725,1540,2016,1855,93,8.6,6.414
7,2584,2533,680,1512,7,6.3,6.215999999999999
7,1125,2262,1645,1952,7,6.1,5.671000000000001
6,2722,2385,2681,2853,10,7.7,7.407999999999996
0,1867,2511,2325,2130,28,5.8,5.585000000000001
19,3005,1599,2281,2528,7,6.1,5.346000000000001
0,2146,1224,173,3022,1905,4.9,6.439000000000002
0,2714,1214,2584,2751,142,4.1,4.99
4,999,931,284,1632,34,4.9,5.661999999999999
5,2875,631,2325,1114,90,4.8,6.341000000000001
0,2340,497,819,2674,7,3.4,4.801000000000001
0,1847,145,185,1289,7891,5.0,5.198
13,254,1735,1668,545,26,6.7,5.618
0,1626,126,1363,1950,363,3.4,4.716000000000001
14,3120,2455,440,203,27,5.7,4.812
0,1341,136,2642,1033,126,4.0,4.4510000000000005
7,745,1667,2436,2782,30,6.3,6.933999999999998
7,675,2296,2438,2467,973,6.9,6.429000000000001
1,1574,1235,908,1509,10,6.4,5.6370000000000005
0,670,616,11,761,1110,5.3,5.333999999999998
7,718,1091,1854,2763,30,6.4,6.230999999999998
4,1780,1989,1913,2321,2749,7.0,6.2829999999999995
0,2012,2487,1436,1109,49,7.1,5.333999999999999
15,670,616,2864,2041,240,6.5,5.741999999999999
19,954,1871,636,1071,5,5.4,5.1170000000000035
18,3049,629,1759,20,6,4.3,5.0230000000000015
4,1380,2058,1174,1783,248,7.0,6.100999999999998
0,3050,1304,1357,1090,42,5.2,4.987
7,2620,2038,2746,2259,75790,8.2,7.572000000000005
0,2323,919,411,371,10,3.7,4.700000000000002
7,1026,2050,1717,825,89,6.6,6.180000000000002
0,61,206,459,1415,33,5.8,5.190999999999995
6,1382,367,420,2369,1998,8.2,7.594000000000005
7,61,206,933,877,9,2.8,5.851000000000003
0,3045,115,1770,1365,278,5.4,4.573
3,2379,1061,17,367,29,8.3,5.610999999999999
0,244,145,1073,1746,14526,5.7,6.282
7,1529,1333,1506,589,14,6.6,5.900999999999999
7,1923,1994,1803,1490,296,7.3,6.517999999999998
7,1500,195,1759,2633,11,5.2,4.943999999999997
0,1894,92,1500,1927,44,6.8,5.5409999999999995
7,2680,2084,2263,2982,11,6.8,5.950999999999999
0,1981,575,398,2937,5,6.4,5.248000000000002
0,616,2489,2530,1057,9,5.8,5.335999999999998
7,68,1999,2694,198,8,4.0,6.547999999999998
4,1866,997,1905,217,5419,5.9,5.913000000000004
3,12,1068,301,1929,138,6.9,5.671999999999996
11,2223,206,629,703,322,3.6,4.5219999999999985
11,3035,1955,2367,2958,1288,5.0,4.781000000000001
7,1861,1980,818,3035,30,5.5,5.934999999999997
18,2524,498,635,1867,140,3.8,5.879000000000002
4,1311,1817,1628,1433,15,6.7,5.810999999999999
0,990,767,1065,2438,330,5.1,4.680999999999998
8,2363,1702,2312,650,98,6.7,6.612000000000002
15,2563,206,1921,203,312,6.3,4.892000000000003
1,925,1509,216,2847,9,6.7,5.380999999999999
6,1724,2385,2681,2853,12,7.0,7.916999999999996
7,950,2339,1234,2488,109,5.8,5.632
0,2875,343,722,703,18,5.1,4.549000000000001
19,1025,1820,1501,1845,9,6.1,6.341
7,1818,1639,180,1731,2791,6.9,5.583000000000001
15,2785,1026,1320,746,39,5.8,4.934999999999999
7,744,1980,1616,38,6,6.2,6.253999999999998
0,2005,1735,2557,1452,270,6.5,5.063999999999998
0,265,2251,233,640,115,5.4,5.048999999999999
10,1664,492,1723,1248,72,7.2,6.793999999999998
0,2130,2082,173,920,954,7.0,5.585999999999998
4,420,1760,1115,2728,29167,7.6,7.755999999999998
6,1525,1053,816,2853,109,7.6,7.496000000000002
7,2150,1490,1668,2982,7,5.9,5.649
0,1328,2489,2747,1342,5,5.8,5.388
0,373,1080,1416,1670,20,5.3,4.822999999999997
1,3010,1702,2648,1845,11,7.0,5.237000000000006
7,1169,2285,1622,2847,14,6.6,6.1060000000000025
7,2789,206,1921,136,1584,5.1,5.656000000000001
0,1277,204,1510,868,53,3.6,5.1039999999999965
7,1136,571,1550,1738,9,4.1,5.885999999999999
15,962,1181,474,692,44,6.2,5.355999999999999
15,1872,376,607,920,186,5.9,5.566000000000003
7,855,69,2645,1663,27,7.4,6.358
0,287,619,305,1645,56048,7.6,5.069999999999997
0,83,18,2563,1767,1095,7.5,4.899000000000001
14,2073,1712,75,1809,201,6.5,5.757999999999998
0,3022,1763,2864,409,34,6.4,5.772999999999999
15,1269,442,744,593,5,4.6,4.830000000000001
0,3042,86,153,877,147,2.5,4.612999999999999
0,385,1405,1432,2742,16,5.4,5.368999999999999
0,429,389,772,1006,303,6.0,5.295999999999998
0,1482,919,818,2480,37,5.7,5.488999999999999
7,1370,2184,562,230,189,5.5,5.516
4,2264,902,1220,2827,30,5.4,5.7669999999999995
15,1435,1430,2148,1264,14,5.5,5.922
7,1726,967,1185,690,6,5.2,5.712000000000001
15,2887,376,2341,1256,8,6.1,4.873666666666666
15,2321,762,631,371,8,4.8,4.443999999999999
4,2736,616,1628,805,225,7.1,5.251
0,351,1211,1989,1814,119,3.6,5.122000000000001
0,2682,2362,270,1820,167,5.8,5.072
0,2339,1711,533,998,335,6.9,5.384000000000001
0,648,2024,2776,517,20,3.4,5.587999999999998
0,2448,203,2078,1956,349,4.7,5.180000000000002
7,1152,870,72,178,441,3.9,4.7189999999999985
13,2612,1832,2285,102,8,2.8,5.399
9,1294,1201,2790,1008,9,6.7,5.741999999999998
4,180,1722,2493,2727,5,5.4,5.248000000000001
7,299,34,1248,1118,29283,8.0,7.683000000000006
10,40,2385,2681,2853,6,8.2,5.776999999999998
0,2109,206,114,514,1866,5.6,6.038000000000002
4,1463,2030,93,446,761,7.0,5.027000000000002
7,1246,1782,119,2677,302,6.7,6.109000000000001
5,2356,919,934,296,141,3.7,5.792000000000001
4,1567,368,1308,1745,61,7.1,5.384999999999995
7,2356,1939,508,1141,1212,5.4,5.363
0,2020,2264,2756,2037,376,4.6,4.732000000000003
5,1200,206,900,877,1361,2.3,5.548000000000001
15,3053,463,1258,2478,18,5.6,6.029000000000004
7,879,1744,744,2601,18,7.9,6.002999999999999
7,517,592,2411,947,9,5.8,5.648000000000003
4,1537,1794,32,127,12,6.2,5.660999999999999
0,2791,2258,2653,2247,24,4.8,5.5280000000000005
0,1859,2269,147,2834,23,4.0,5.604999999999999
0,3040,803,1794,404,7479,7.6,5.574
5,1557,1169,562,992,31,5.2,5.9659999999999975
0,1017,870,300,2637,939,5.3,5.0390000000000015
7,1304,1067,2562,191,53,8.2,6.526
7,446,1425,2864,2332,529,7.2,6.841
8,2160,1818,175,1965,70,6.6,5.762000000000001
8,2962,1695,1025,1845,14,6.6,5.877999999999999
0,2019,1299,1385,2438,10,4.0,4.988999999999999
6,1290,2479,325,2389,1928,8.7,7.546
7,2463,2148,2106,629,25,6.3,6.132000000000001
7,2709,1326,198,689,472,7.1,5.7860000000000005
1,1722,853,960,2999,13676,7.6,6.952999999999999
0,2454,1972,1677,1874,42,5.8,5.814000000000001
7,1422,1667,2436,1971,281,5.5,6.4730000000000025
7,2230,919,1455,1106,32,6.4,6.114
4,900,1718,1626,1510,15830,6.8,7.384999999999999
4,214,2038,1958,312,12727,6.5,7.0909999999999975
4,1680,616,337,2695,120,6.8,5.307999999999998
0,670,616,2827,2480,212,6.9,5.339000000000003
7,1518,529,1851,974,8,6.5,5.742000000000001
0,2439,2270,2584,1481,268,4.3,4.381000000000002
7,261,2373,1119,1744,7,7.3,5.143000000000001
0,2136,1735,2150,2425,13394,6.8,6.795000000000003
15,945,1364,547,1883,13,4.9,5.522000000000002
4,1388,1027,1635,2724,14259,7.2,7.396000000000002
14,1282,1972,1455,1257,36,6.7,6.083999999999999
7,2062,1858,1270,1506,17,4.9,6.011000000000001
4,475,213,2648,427,1118,7.5,5.402
0,2368,1895,2057,703,35,5.0,5.221999999999997
11,1954,500,979,1471,11,5.9,4.208999999999999
5,1765,369,2133,1,5,7.2,5.840999999999999
7,2915,1976,2864,1157,33,6.3,6.5329999999999995
7,1990,919,2029,2130,62,6.7,5.702000000000002
7,2772,442,2160,1567,11,6.1,5.928999999999998
0,2456,1016,492,2720,213,4.9,5.3870000000000005
4,1785,1794,1862,1790,85,6.6,6.453000000000003
11,493,2433,360,1468,4236,5.4,5.2150000000000025
0,2164,1695,607,1359,107,6.3,5.696999999999998
0,1937,2352,199,2793,17483,2.2,6.395000000000001
4,561,1670,2824,2865,50,6.9,6.355999999999997
1,649,1225,1820,1863,39,7.9,6.550999999999999
7,1594,119,2167,1494,114,6.6,5.223999999999998
0,1515,1067,2323,2601,21,6.0,5.066999999999996
7,447,1530,2145,828,11,6.5,5.957999999999999
7,447,1733,2001,2695,6,7.3,5.670999999999997
5,3000,1405,1822,1619,80,7.0,5.995999999999997
4,1805,86,217,731,232,5.2,4.827000000000001
15,2947,111,1248,2980,12,4.3,5.620000000000002
4,491,250,2488,1589,332,5.4,5.099000000000002
0,1867,1763,2791,2136,21,5.6,5.735000000000001
0,2171,1256,2411,1355,9,5.4,4.9319999999999995
7,962,616,2112,1624,257,7.5,6.094999999999999
0,1586,503,1258,2686,31,5.8,4.977
0,3035,145,2552,87,7775,6.2,4.727999999999995
14,1361,396,1846,2664,66,4.7,5.898000000000001
7,1668,1702,1998,2136,44,6.3,6.205999999999998
15,2910,1035,172,1267,17,4.8,5.5269999999999975
4,1362,1273,1110,840,35,6.8,6.154
0,264,2395,888,1494,1823,5.3,5.133000000000002
0,885,2082,2325,3058,48,5.8,6.3059999999999965
7,529,2074,2303,1556,727,7.5,6.379000000000002
0,47,683,1144,1990,12,6.1,4.604
7,1824,2344,2759,856,7,7.4,6.009999999999999
7,3124,714,2623,692,14,6.7,6.107999999999999
18,3087,592,1688,2117,14,2.9,5.545
4,1200,1405,2559,2240,721,2.0,5.6170000000000035
7,558,1793,2765,315,45,3.8,6.134000000000001
0,2177,335,390,1209,29,6.1,4.827999999999998
18,1800,1828,1894,3030,89,7.1,6.190999999999997
4,2347,1333,1645,1145,27,7.4,6.258000000000001
7,866,1712,230,1,57,7.4,5.615999999999999
5,447,1980,2443,1586,5,6.4,5.14
4,1668,1546,1897,1756,31,4.5,6.175999999999998
4,2875,631,1998,2948,13,5.5,4.948999999999998
0,2462,861,1183,1494,7,2.9,4.404
0,1185,1711,1353,2356,2773,7.6,6.2929999999999975
7,530,1494,1037,2789,11,6.9,6.577999999999999
7,475,2030,755,2871,196,6.5,6.281999999999996
7,2103,175,2405,2158,9,2.4,5.439999999999999
4,393,2376,2552,1774,2511,5.3,4.988
9,918,2215,2029,207,880,6.5,6.291000000000002
0,955,711,2310,874,22,4.5,4.902000000000002
0,2849,1449,153,1908,252,2.3,5.222000000000003
0,658,976,206,2071,1411,6.5,5.698
14,3105,1273,607,2134,54,7.1,5.406999999999999
7,1412,1074,378,2321,6712,7.3,6.131000000000003
13,2786,2113,1864,122,20,4.2,6.247750000000001
1,1895,140,2203,290,79,8.4,6.49
18,190,1107,187,764,514,3.5,5.170000000000001
6,30,2385,2681,2853,6,9.0,7.989000000000002
7,2608,1806,2121,1977,11,6.9,6.095999999999998
7,898,699,1958,2869,299,3.4,6.058000000000001
0,1156,919,2325,427,33,4.7,5.094000000000002
7,2065,919,2003,2417,14,4.3,6.127999999999998
0,3020,1304,2865,1129,29,6.2,5.4319999999999995
13,2356,2262,1714,249,33,4.5,5.824000000000002
0,2339,982,1819,2370,121,6.0,5.609999999999998
7,2053,1039,1290,2091,96,5.8,5.860000000000001
7,2661,2030,2115,233,1185,8.0,5.7669999999999995
15,2949,1659,1766,1592,13,3.5,5.237000000000003
7,2743,1966,2578,1776,10,5.5,6.045999999999999
0,2785,1584,1100,2880,310,6.4,5.653999999999997
4,1873,1364,433,479,154,6.9,5.641999999999999
1,969,982,1897,1041,161,6.6,5.992000000000001
0,1105,861,607,1505,9,5.1,4.283999999999999
8,1520,1056,2681,2853,5,8.8,6.252999999999998
7,2979,500,834,2375,8,6.0,6.090999999999999
4,2005,937,101,1746,50,5.8,5.184999999999998
7,334,418,2040,2588,30,4.6,6.372000000000002
7,1306,657,1026,650,46,6.8,6.513000000000003
7,2032,463,1596,1256,32,7.1,6.514000000000001
7,1824,616,1355,542,38,7.6,6.537000000000003
7,1011,919,1998,2060,199,5.3,5.96
14,1990,1980,933,948,278,7.1,5.691999999999999
0,376,2266,973,2055,213,4.4,4.721999999999999
0,223,2084,763,264,29,4.7,4.843000000000001
0,3035,1299,2642,60,2165,6.3,5.845000000000004
19,871,2053,2659,2548,9,6.3,5.5683333333333325
0,3012,18,173,1182,18219,4.1,7.44
7,2047,216,628,2345,27,9.3,6.087999999999999
7,399,376,607,2665,116,6.8,6.425999999999999
7,1142,1486,659,1648,9,6.9,5.6659999999999995
7,2885,2262,2827,409,20,6.5,6.690000000000002
7,2877,355,667,931,384,6.3,5.4430000000000005
11,1904,69,841,1322,325,3.7,4.561999999999998
4,2756,218,1461,1203,34,4.9,5.450999999999999
4,1988,1331,1840,1115,19,5.7,5.899999999999998
0,309,1739,1785,2330,2416,3.2,5.7520000000000024
15,2910,1835,1647,427,39,6.3,5.408000000000003
11,1335,2412,2804,1882,8,7.8,4.3080000000000025
6,1127,2071,2681,2853,25,7.9,7.3350000000000035
7,422,420,1317,1463,11,7.9,6.040000000000003
4,1798,2260,2053,2012,16,5.9,5.630999999999999
4,475,376,1,2871,446,7.2,6.01
0,688,1762,1262,2814,8,6.2,5.75
0,1847,2042,2457,2637,5552,5.2,6.114000000000003
7,855,1304,1495,1845,49,6.7,6.432000000000001
1,1719,993,1532,1523,7,3.6,5.7509999999999994
4,724,1801,1876,612,19,2.9,5.560000000000003
7,2090,1304,982,2453,55,6.3,6.161000000000004
4,3070,1514,2394,661,1952,7.4,6.113999999999999
0,1455,108,42,2076,8588,7.4,5.458999999999999
4,2932,1983,2254,2486,7043,6.9,6.535
0,1678,2058,899,324,15,6.7,5.093000000000001
7,861,206,1632,784,1332,6.9,6.679000000000003
4,1145,982,2012,2136,830,7.8,5.435
0,429,767,1005,2076,522,4.4,5.130999999999999
0,655,1939,1475,2438,1390,5.7,5.778
0,2323,2084,818,111,7,6.3,4.914000000000002
4,1428,767,2462,2157,1187,4.9,4.892000000000003
7,414,1516,2591,2333,1636,5.9,6.4
0,1872,1735,114,2107,626,4.7,5.232999999999999
8,2168,1734,455,1745,6,6.0,5.556000000000001
7,1875,647,2525,2374,6,8.7,5.984000000000001
7,546,376,1527,2273,16,6.1,6.342
7,1581,81,2382,2416,27357,7.0,7.520000000000005
4,2276,870,289,1226,56,6.6,5.268999999999995
7,836,754,2464,1853,86,7.5,6.006000000000003
0,1185,1969,1722,1840,1374,4.1,5.710000000000003
0,2797,1786,2688,1494,57,6.1,5.718000000000002
4,3091,1198,2820,2705,181,6.3,5.681000000000001
0,2028,594,879,408,34,6.2,5.651
0,1203,1926,607,685,43,5.7,5.3130000000000015
7,1135,1615,2597,2414,15,6.7,6.542000000000001
5,1167,1695,1258,2982,9,5.3,5.553999999999999
4,1306,1230,2504,2073,16,5.8,5.864999999999997
0,1565,616,818,1874,90,6.6,6.398000000000003
7,458,1230,1899,1325,53,4.4,6.833000000000001
4,891,1835,1559,73,5232,7.5,6.42
13,918,1735,763,1370,70,5.1,6.510000000000004
4,2569,1702,2297,2692,56,6.6,6.235000000000002
7,1373,1969,1234,2288,6267,7.2,6.122999999999996
5,1924,1316,2298,109,326,7.0,6.0
4,3042,767,2357,371,239,4.7,4.834999999999999
5,2719,1925,2689,2410,6992,7.5,6.169999999999999
0,1867,1763,2003,947,15,5.7,5.093
4,1567,1067,2255,1624,25,6.8,6.2689999999999975
7,461,1230,1603,2041,37,6.7,6.421999999999996
0,2230,714,1677,1872,61,6.4,6.3519999999999985
4,2698,830,1059,48,4401,4.0,5.845000000000002
0,1403,2262,1230,2611,33,5.2,5.586999999999998
7,1848,1870,1250,174,22,7.5,6.352000000000003
7,2012,1835,688,0,28,4.4,5.544000000000002
4,920,1818,1510,360,95,4.2,6.234
0,2664,919,1998,1738,16,4.8,4.162
1,2948,919,934,369,22,6.0,5.762
0,2864,389,1401,1798,56,5.1,5.207000000000002
0,2340,1667,2465,1109,8,4.1,4.9270000000000005
11,459,433,1981,1040,8,3.4,4.306
7,2545,1603,1596,1221,8,6.4,5.9460000000000015
7,2960,1304,629,1111,74,6.8,6.124
4,205,2422,1606,1837,100,4.3,4.782999999999999
4,2091,599,1775,291,225,6.5,6.108999999999998
0,390,1001,475,2981,258,5.4,5.392000000000003
7,1286,2030,2689,354,525,5.9,5.867000000000001
0,2351,1635,818,2480,27,6.8,5.980000000000001
0,429,861,2454,547,60,5.0,5.8020000000000005
0,599,577,2681,2853,6,4.2,5.023000000000002
7,2910,206,1234,1325,13,4.4,6.061999999999999
18,2646,1310,1815,741,449,5.3,5.822
0,2101,495,1401,1233,50,6.2,4.832000000000001
7,1425,1123,1853,2832,38,7.4,6.053000000000001
0,1114,1055,1542,1469,9,5.4,4.587999999999999
7,2318,1002,2205,2323,37,9.0,6.394
0,2273,937,2719,990,7100,5.1,5.446999999999998
13,254,1818,2700,2433,19,6.2,5.462
7,3064,16,2639,10,18,4.3,5.090000000000002
0,309,45,1177,615,548,3.3,5.130000000000001
0,391,830,85,2637,30717,7.6,6.984000000000005
7,2143,1360,950,860,24,5.7,5.535000000000001
7,1993,1389,1234,2247,75,5.3,6.2970000000000015
5,1474,734,1787,1188,144,2.7,5.879
0,980,1971,1234,1555,751,5.3,5.350000000000002
0,1146,1304,1234,501,114,3.8,4.814999999999999
0,1867,206,933,1845,3729,7.6,5.995
3,2769,2197,1272,540,27,6.8,6.787999999999998
11,2061,1319,1410,987,12,4.6,4.392000000000002
0,3069,1529,556,1313,45,3.9,5.387999999999998
7,3032,348,2387,233,148,6.8,5.542999999999999
7,1403,376,1110,1705,15,5.8,6.396000000000003
7,765,343,812,549,58,5.6,6.121999999999999
1,2,1356,1482,2683,6,4.3,5.578
0,955,1176,2411,1383,16,5.9,5.185999999999998
7,861,1224,2715,1217,67,7.3,6.942000000000002
0,2450,870,1290,674,78,4.1,5.539000000000001
11,2410,865,369,1707,20,4.0,4.587
0,1142,118,815,2307,9,4.8,5.469999999999999
7,2327,1400,2434,717,54,7.5,6.323999999999997
7,2354,1886,186,2279,110,5.1,5.606999999999997
7,1285,368,949,481,19,6.4,5.998999999999999
7,2337,1381,1944,2853,5,8.4,5.972000000000001
0,2910,2266,1980,1505,39,5.8,5.600999999999999
2,1618,2385,2681,2853,6,7.0,5.807000000000003
0,2633,2317,114,1407,5924,6.3,5.064000000000002
8,1657,150,1328,145,527,7.6,5.541999999999997
0,60,2042,130,1171,28010,7.8,6.203999999999999
0,2961,1786,1315,2029,31,5.9,5.855
0,1263,1048,2549,1781,23,5.9,4.607000000000001
0,2221,1378,122,1502,533,5.4,5.071999999999997
13,2155,1863,1932,1292,10,6.1,6.071999999999995
0,3107,500,387,796,7,2.9,4.765
4,1869,473,1143,596,8,3.5,4.960999999999998
14,2234,118,2283,1845,8,6.1,4.938999999999998
18,91,1790,1010,1924,26,7.4,5.227000000000001
7,582,2022,2403,938,210,6.9,6.3409999999999975
4,446,657,2312,1872,122,6.9,6.472000000000005
1,1674,1980,1164,959,14,6.4,5.687999999999997
0,37,99,1406,597,84,8.7,5.312999999999999
4,1490,1223,1492,288,45,5.4,5.885999999999999
7,2022,616,2697,1825,17,7.1,6.546000000000004
2,508,2385,2681,2853,9,3.8,6.840000000000006
7,2274,1619,2122,493,27,8.1,6.027000000000002
0,2230,1702,1493,919,155,6.4,5.305000000000003
7,2065,1378,1162,752,13,6.5,5.821999999999999
0,1872,631,818,1872,82,7.2,6.091000000000005
7,289,2317,1683,1258,15063,6.8,6.984000000000002
11,2469,2072,741,1236,31,6.7,4.743999999999999
7,2729,1514,1995,1951,215,7.7,6.318
0,1526,1283,1918,33,23,5.7,4.9430000000000005
0,2616,2082,1559,538,16,5.6,5.195999999999998
14,2048,1405,2294,970,63,5.8,6.153000000000004
11,1818,931,1626,345,936,4.9,4.466000000000001
7,2180,657,1484,754,41,7.0,6.359000000000001
4,924,773,1827,2270,5798,7.0,6.243
0,670,2312,596,1494,87,6.3,5.574000000000003
7,2865,1217,1902,2651,16,7.9,5.807999999999998
5,1945,1702,2312,2618,19,5.9,5.769000000000001
0,1881,1894,497,380,346,4.4,4.853
7,1482,1463,1278,460,6,5.7,5.9270000000000005
0,1535,1635,763,785,108,4.9,5.052999999999998
7,2086,2333,2672,2416,125,4.2,5.941999999999999
7,2796,2511,2549,2041,204,6.8,6.000000000000001
0,1324,463,1189,877,14,5.1,4.764000000000002
7,2691,2385,2681,2853,5,3.8,6.373999999999999
5,1672,1088,1987,1311,294,8.9,6.087999999999998
0,2975,41,1828,1349,6647,7.4,5.332999999999998
7,2225,1835,1436,2449,37,6.4,6.322999999999997
7,1325,106,2386,2853,8,4.2,5.580000000000001
7,2730,2508,885,295,1329,4.5,5.570000000000001
4,2568,356,2381,2156,75,5.1,5.360000000000001
6,1787,1515,2681,2853,11,7.6,7.268000000000002
4,2619,2182,421,2899,1141,4.0,5.608
6,76,1872,1712,904,58,6.1,7.548000000000001
5,918,2487,2844,1845,60,7.6,6.361999999999998
1,1457,1612,1251,261,5,7.6,5.896
4,475,250,182,1745,1580,7.5,5.8590000000000035
0,3101,789,1611,147,119,4.4,4.726000000000002
0,2234,2262,2283,1294,29,6.4,5.639000000000001
7,2148,1136,2385,576,32,6.5,5.681000000000001
0,832,2086,1986,3048,19,4.6,5.662999999999998
7,2341,1835,1436,1669,81,7.1,6.086999999999997
4,2993,2430,1008,1872,185,5.9,5.658
7,2885,782,593,2170,7,7.6,6.192000000000003
0,2225,2084,1998,538,8,5.1,4.867999999999999
4,1884,2434,2416,2918,395,6.2,6.206999999999997
0,2009,2270,1758,988,417,4.3,5.314000000000002
4,3033,314,66,1378,10,6.7,4.866999999999999
2,2096,2385,2681,2853,12,6.1,5.220999999999999
7,1820,165,2734,2003,30,4.8,6.462999999999998
4,2704,341,2248,798,677,4.3,5.210000000000003
19,1726,967,2676,1757,5,6.6,5.8599999999999985
0,2329,42,763,371,20,4.1,5.503000000000002
0,458,916,327,727,10,7.8,4.477
7,1282,631,2735,371,6,3.5,6.073999999999997
4,475,1304,1975,2871,85,7.0,6.213999999999998
0,1422,1969,2488,312,700,6.2,5.346
4,1279,381,11,1960,557,7.4,5.9559999999999995
0,1020,291,2672,2797,87,4.9,5.0329999999999995
7,1565,631,2562,2940,39,6.3,6.425
7,811,1782,2815,377,8,7.0,5.85
4,2594,2476,1177,3023,3081,6.8,5.560000000000003
7,517,945,1911,1057,15,5.9,5.981000000000002
7,1455,2038,1290,1869,27393,7.6,7.535000000000001
0,2903,2179,2293,2960,13,4.0,4.812999999999999
4,2693,57,222,782,790,5.6,5.126000000000002
0,2977,986,2655,2670,26,4.2,4.807000000000001
4,2536,1250,402,917,26,6.6,5.719000000000001
15,567,500,590,948,11,6.9,5.083000000000002
7,668,1169,1998,2040,253,6.3,5.691999999999999
2,2095,926,983,2004,22,6.5,5.630000000000001
7,883,376,1457,2424,93,7.4,6.295999999999998
11,1804,870,1234,1028,983,6.5,4.389999999999998
4,1032,631,1911,1469,38,5.3,6.051000000000001
14,2823,1702,1484,916,9,5.6,4.809000000000001
11,2695,248,2220,2101,15,2.1,4.731
20,547,2431,1146,1172,101,2.8,5.890000000000003
18,1606,2292,593,948,45,6.2,5.699999999999999
7,92,1695,1258,920,22,5.4,5.779000000000004
19,1156,1684,1950,2643,7,4.3,5.723000000000001
0,186,951,2703,3000,6,4.3,4.601000000000002
7,697,620,223,706,22,3.7,5.810999999999998
0,2167,1603,155,2478,21,4.8,5.523000000000001
0,2864,1304,900,2603,28,4.9,5.364000000000003
7,558,1980,1921,2480,28,6.2,6.2070000000000025
13,869,1980,2312,1747,868,8.1,6.615000000000005
7,1142,1165,96,1841,17,6.7,6.563999999999996
7,869,1273,2791,2480,536,7.4,6.541
7,1133,39,294,820,82,6.8,5.651
0,2146,2508,2325,2667,4066,7.6,5.821000000000003
0,1531,1878,1375,371,1106,6.8,5.391999999999997
7,1278,1264,2507,246,128,5.6,5.5809999999999995
7,1466,2170,2857,2410,38,5.9,6.241999999999998
15,1911,2142,428,610,12,5.8,5.678999999999999
0,1668,919,629,207,25,4.5,4.964999999999998
7,686,1189,727,598,9,5.0,5.866000000000001
7,89,2104,2337,1421,155,8.6,6.371999999999997
